{
    "utterances": [
        {
            "text": "bomb",
            "entities": [],
            "traits": []
        },
        {
            "text": "fear",
            "entities": [],
            "traits": []
        },
        {
            "text": "fire",
            "entities": [
                {
                    "entity": "shoot_entity:shoot_entity",
                    "start": 0,
                    "end": 4,
                    "body": "fire",
                    "entities": []
                }
            ],
            "traits": [],
            "intent": "action_attack"
        },
        {
            "text": "int",
            "entities": [],
            "traits": []
        },
        {
            "text": "shoot",
            "entities": [
                {
                    "entity": "shoot_entity:shoot_entity",
                    "start": 0,
                    "end": 5,
                    "body": "shoot",
                    "entities": []
                }
            ],
            "traits": [],
            "intent": "action_attack"
        },
        {
            "text": "shot",
            "entities": [],
            "traits": []
        }
    ]
}
